Longitude,Latitude
121.21357377859913,31.29208567651542
121.21386258301447,31.292089693837315
121.2135701973719,31.292275514139845
121.21357377859913,31.29208567651542
121.21273602817408,31.290554920161792
121.21188755128772,31.289593671623866
121.20807932121953,31.292388898225774
121.21216559670616,31.290167205091826
121.21216559670616,31.290167205091826
121.21216559670616,31.290167205091826
121.21328139243603,31.29227149613925
121.20984085820379,31.290894368742574
121.20984085820379,31.290894368742574
121.2093601669602,31.285760708645302
121.2072668143016,31.289529250160168
121.20995208611666,31.285009410337448
121.21024804210994,31.284633759995252
121.21368477984247,31.28620070718917
121.2096776558246,31.284246035266737
121.2096776558246,31.284246035266737
121.2096776558246,31.284246035266737
121.20967406789427,31.284435872718493
121.21304273784543,31.289609751038473
121.2096776558246,31.284246035266737
121.20996284837736,31.284439897928426
121.20968124372102,31.284056197808997
121.20968124372102,31.284056197808997
121.20968124372102,31.284056197808997
121.20939246445168,31.284052172010217
121.20939246445168,31.284052172010217
121.2138697442109,31.291710018510823
121.21328139243603,31.29227149613925
121.21300691688916,31.29150812719485
121.21216559670616,31.290167205091826
121.21189471969741,31.289213996559564
121.21189471969741,31.289213996559564
121.21132788490644,31.28863644061686
121.21160592435857,31.289209975143674
121.21329213775071,31.2917019833375
121.21273244548334,31.290744757744598
121.21300691688916,31.29150812719485
121.21328855601303,31.291891820944077
121.2135701973719,31.292275514139845
121.21328139243603,31.29227149613925
121.21328497424147,31.292081658544657
121.21328139243603,31.29227149613925
121.21245081185005,31.290361062924337
121.21104267720405,31.28844258052355
121.21104267720405,31.28844258052355
121.21046509155559,31.288434533389385
121.21046509155559,31.288434533389385
121.21046509155559,31.288434533389385
121.21045791763606,31.288814208202854
121.21024086839152,31.285013434988397
121.21024086839152,31.285013434988397
121.20935657818029,31.285950546019254
121.20992338526158,31.286528109831465
121.20969918269395,31.2831070104305
121.2101978232308,31.287291484444413
121.2101978232308,31.287291484444413
121.21076464324146,31.287869044926115
121.21103909141745,31.288632417993036
121.21103909141745,31.288632417993036
121.21337092740843,31.287525554478602
121.21188755128772,31.289593671623866
121.21216918045153,31.289977367550755
121.21273244548334,31.290744757744598
121.21273244548334,31.290744757744598
121.21300691688916,31.29150812719485
121.21300333460717,31.291697964777573
121.21328497424147,31.292081658544657
121.21328497424147,31.292081658544657
121.21328497424147,31.292081658544657
121.2125009735813,31.28770333647071
121.2124973908208,31.287893174113456
121.2125009735813,31.28770333647071
121.21220859941323,31.287889154204084
121.21162384768004,31.28826078752749
121.21132788490644,31.28863644061686
121.2113350552895,31.28825676561216
121.21214767747084,31.29111639270731
121.21214767747084,31.29111639270731
121.21188755128772,31.289593671623866
121.21214767747084,31.29111639270731
121.21098530054809,31.291479979316943
121.20983009248118,31.291463880540967
121.20780848059023,31.291435682703103
121.20780848059023,31.291435682703103
121.2083860836984,31.29144374247235
121.2083860836984,31.29144374247235
121.20694207636208,31.291423588183054
121.20636087825251,31.29160535882063
121.20577967802788,31.29178712673708
121.20963818672404,31.286334246906794
121.20402166295563,31.29309176062461
121.20553044477599,31.289694886156965
121.20257763394673,31.293071556323415
121.20200723176687,31.292683797260302
121.20201083622443,31.29249396085101
121.20201083622443,31.29249396085101
121.20201083622443,31.29249396085101
121.20201083622443,31.29249396085101
121.20144404536602,31.291916363089634
121.20203967065758,31.29097526936107
121.20322368159461,31.289472745136152
121.20410086560958,31.288915353878867
121.20411886391419,31.287966170123312
121.20440045621639,31.28834988180743
121.20530280274396,31.286463623367023
121.2061799464556,31.28590621613041
121.2061799464556,31.28590621613041
121.20647591995467,31.285530575208337
121.20794138620988,31.284411707837265
121.2094104063144,31.283102984781205
121.21028390866628,31.28273538467039
121.20935657818029,31.285950546019254
121.2114533470268,31.28199212457787
121.2114533470268,31.28199212457787
121.21203089371727,31.28200016578885
121.21260844063863,31.28200820440546
121.21347476145343,31.282020257465927
121.2140523089517,31.282028289596607
121.21434108278731,31.28203230468905
121.21347476145343,31.282020257465927
121.20935657818029,31.285950546019254
121.21347476145343,31.282020257465927
121.21347476145343,31.282020257465927
121.21633748092385,31.283389259519005
121.20996284837736,31.284439897928426
121.2166119635046,31.284152622386383
121.21512871288658,31.286220782688194
121.21629815992046,31.285477479037937
121.21454398257593,31.286592430227593
121.21454398257593,31.286592430227593
121.214255194811,31.28658841506815
121.21425161572215,31.28677825292582
121.21366687861766,31.287149896179212
121.21337450836694,31.287335716734354
121.2124973908208,31.287893174113456
121.2124973908208,31.287893174113456
121.2124973908208,31.287893174113456
121.21162026308356,31.288450625062698
121.21160950909068,31.28902013763241
121.21189113550952,31.289403834094703
121.21189113550952,31.289403834094703
121.21189113550952,31.289403834094703
121.21217993148421,31.28940785489167
121.20939246445168,31.284052172010217
121.20881849568282,31.283854281092708
121.20881849568282,31.283854281092708
121.20881849568282,31.283854281092708
121.2091144521935,31.283478633333054
121.20940681800974,31.283292822238977
121.20999154624613,31.282921197907633
121.20809728211539,31.291439712912144
121.20965971583348,31.28519522246566
121.21174212034317,31.28199614550765
121.21347476145343,31.282020257465927
121.21434108278731,31.28203230468905
121.21491863063149,31.28204033292815
121.21548902674299,31.282428034807918
121.21605227765104,31.283195410614038
121.2163196082477,31.28433845029918
121.2160057998604,31.285663306021906
121.21368477984247,31.28620070718917
121.21368477984247,31.28620070718917
121.21823037406104,31.290251494462975
121.21513229013975,31.28603094472314
121.21483992616245,31.286216768885794
121.214255194811,31.28658841506815
121.21328139243603,31.29227149613925
121.21425161572215,31.28677825292582
121.21425161572215,31.28677825292582
121.21425161572215,31.28677825292582
121.21425161572215,31.28677825292582
121.21395924773606,31.286964074909694
121.21191980806339,31.287885133645975
121.2119162241128,31.288074971223025
121.21132788490644,31.28863644061686
121.21160950909068,31.28902013763241
121.21160950909068,31.28902013763241
121.21188396703201,31.289783509147036
121.21160592435857,31.289209975143674
121.21188755128772,31.289593671623866
121.21273602817408,31.290554920161792
121.21272886275872,31.290934595321406
121.21328855601303,31.291891820944077
121.21328497424147,31.292081658544657
121.21327064681644,31.292841008887144
121.2126930336485,31.292832970760347
121.21211183645757,31.29301476748933
121.2112418297279,31.293192538805524
121.21328139243603,31.29227149613925
121.21328139243603,31.29227149613925
121.21328139243603,31.29227149613925
121.20893137242544,31.29316033391081
121.20633211238552,31.293124053765577
121.20633211238552,31.293124053765577
121.20172203244753,31.292489916836555
121.20315524537621,31.29307963999048
121.203444051178,31.29308368085072
121.20144043985435,31.29210619945683
121.20145125628704,31.291536690337274
121.20175087150615,31.290971225586837
121.20234288395284,31.29021996647768
121.20633211238552,31.293124053765577
121.20413326194499,31.287206823011037
121.20413326194499,31.287206823011037
121.20969918269395,31.2831070104305
121.20647951444677,31.28534073812165
121.2047180346088,31.286835224618347
121.2047180346088,31.286835224618347
121.20530639971822,31.286273786430115
121.21082919017338,31.284451969666303
121.20991979750198,31.28671794724129
121.2096776558246,31.284246035266737
121.2102444552677,31.284823597494825
121.21311436959348,31.285812996930094
121.20963818672404,31.286334246906794
121.20794138620988,31.284411707837265
121.21260844063863,31.28200820440546
121.21347476145343,31.282020257465927
121.21224443127383,31.28599077780588
121.21632318285056,31.284148612155118
121.21462985668057,31.2820363191329
121.21454756105288,31.286402592334127
121.2148363482974,31.28640660681505
121.21362749294266,31.28923811143061
121.21425161572215,31.28677825292582
121.21425161572215,31.28677825292582
121.21425161572215,31.28677825292582
121.21425161572215,31.28677825292582
121.21425161572215,31.28677825292582
121.21425161572215,31.28677825292582
121.21425161572215,31.28677825292582
121.21395924773606,31.286964074909694
121.21366687861766,31.287149896179212
121.2130821369839,31.287521536575134
121.21162384768004,31.28826078752749
121.21132788490644,31.28863644061686
121.21104267720405,31.28844258052355
121.21245439505115,31.290171225359433
121.21301766353182,31.290938614410788
121.21301766353182,31.290938614410788
121.21301766353182,31.290938614410788
121.21356303481582,31.292655189370763
121.21066780223444,31.292994654179147
121.2100866006142,31.293176441549157
121.20979779348029,31.293172415612876
121.20950898640417,31.293168389027723
121.2092201793859,31.293164361793703
121.20893137242544,31.29316033391081
121.20864256552284,31.293156305379036
121.20748733849106,31.29314018476326
121.20719853187782,31.293136152987145
121.20604330600395,31.29312001939399
121.20575809668917,31.29292614758628
121.20518048537217,31.292918075658704
121.20517688720686,31.293107912386024
121.20517688720686,31.293107912386024
121.20517688720686,31.293107912386024
121.20286643963244,31.293075598481376
121.20286643963244,31.293075598481376
121.20459927496528,31.29309983780304
121.20172203244753,31.292489916836555
121.20172203244753,31.292489916836555
121.20172203244753,31.292489916836555
121.20172203244753,31.292489916836555
121.20145125628704,31.291536690337274
121.20145125628704,31.291536690337274
121.20175447623504,31.29078138915367
121.20618354159375,31.285716379085663
121.20381207241138,31.288911314976215
121.20439685713356,31.288539718588527
121.20439685713356,31.288539718588527
121.20440045621639,31.28834988180743
121.20881849568282,31.283854281092708
121.20412606299769,31.28758649657914
121.20412966248837,31.287396659798095
121.2047180346088,31.286835224618347
121.20530639971822,31.286273786430115
121.20530639971822,31.286273786430115
121.20559878147553,31.28608798469656
121.20618354159375,31.285716379085663
121.20676829718347,31.285344770616447
121.20676829718347,31.285344770616447
121.20706067328018,31.28515896531002
121.20735304824477,31.284973159289045
121.20852612699056,31.284040090722016
121.20881849568282,31.283854281092708
121.20910368524015,31.284048145562796
121.20910368524015,31.284048145562796
121.20910368524015,31.284048145562796
121.20910368524015,31.284048145562796
121.20910368524015,31.284048145562796
121.20910368524015,31.284048145562796
121.20910368524015,31.284048145562796
121.20910368524015,31.284048145562796
121.20910368524015,31.284048145562796
121.20910368524015,31.284048145562796
121.20910368524015,31.284048145562796
121.20910368524015,31.284048145562796
121.20910368524015,31.284048145562796
121.20910368524015,31.284048145562796
121.20910368524015,31.284048145562796
121.20909291798124,31.28461765773865
121.20909291798124,31.28461765773865
121.20705348664198,31.28553863960915
121.20850099481925,31.285368951963136
121.20791983710713,31.2855507313453
121.21048661249985,31.287295508805315
121.20935657818029,31.285950546019254
121.20991979750198,31.28671794724129
121.20991979750198,31.28671794724129
121.20406846651602,31.290623884261592
121.20406846651602,31.290623884261592
121.20406846651602,31.290623884261592
121.20406486644647,31.290813720940836
121.20406486644647,31.290813720940836
121.20406486644647,31.290813720940836
121.20406846651602,31.290623884261592
121.20607207649658,31.29160132468868
121.20607207649658,31.29160132468868
121.20867847626015,31.291257934243202
121.2089672773807,31.291261962475843
121.2095448797953,31.291270016994655
121.2095448797953,31.291270016994655
121.2095448797953,31.291270016994655
121.20983368108934,31.291274043280822
121.21098888684351,31.291290141937253
121.21156649006727,31.291298187372504
121.21214767747084,31.29111639270731
121.21244364534614,31.290740738036245
121.21244364534614,31.290740738036245
121.21216559670616,31.290167205091826
121.21160950909068,31.28902013763241
121.21160950909068,31.28902013763241
121.2119162241128,31.288074971223025
121.21220859941323,31.287889154204084
121.21308930002317,31.287141861140352
121.21367045893035,31.28696005839318
121.21396640710374,31.28658439926
121.21403799333133,31.282787641446554
121.21082560452105,31.284641807231615
121.2105368232866,31.284637783937765
121.2117385368655,31.282185983240385
121.2117385368655,31.282185983240385
121.2117385368655,31.282185983240385
121.21028032216333,31.282925222229803
121.21028032216333,31.282925222229803
121.21028032216333,31.282925222229803
121.21028032216333,31.282925222229803
121.2099879591313,31.283111035431176
121.21169194857093,31.284653873221227
121.20911086324301,31.28366847074895
121.20910368524015,31.284048145562796
121.20910368524015,31.284048145562796
121.20910368524015,31.284048145562796
121.20910368524015,31.284048145562796
121.20908215041675,31.28518716986064
121.20909291798124,31.28461765773865
121.20909291798124,31.28461765773865
121.20908215041675,31.28518716986064
121.20878977796106,31.285372979917234
121.20820862071125,31.285554760626667
121.20705348664198,31.28553863960915
121.20910368524015,31.284048145562796
121.206949265108,31.29104391425516
121.20529920573568,31.286653460297956
121.2050068216221,31.286839261244968
121.20471083810989,31.287214898330337
121.20442204999846,31.28721086099504
121.20441845111989,31.287400697812085
121.20440765427992,31.28797020822727
121.20440765427992,31.28797020822727
121.20440405526519,31.28816004502034
121.20468924779627,31.28835391932261
121.20497084354679,31.288737629865185
121.20553404175058,31.28950504929189
121.20553044477599,31.289694886156965
121.20785518246002,31.288967800576177
121.20494565686904,31.29006648754303
121.20406486644647,31.290813720940836
121.20406846651602,31.290623884261592
121.20465326121706,31.290252287163952
121.20494205863609,31.290256324330176
121.20550526500105,31.29102374404479
121.20550166775423,31.291213580861946
121.20549447315854,31.29159325447831
121.21328139243603,31.29227149613925
121.21328139243603,31.29227149613925
121.21328139243603,31.29227149613925
121.20694207636208,31.291423588183054
121.20751967912297,31.291431651845244
121.20954129060897,31.291459854224904
121.20954129060897,31.291459854224904
121.2112776884265,31.29129416497929
121.2115700751724,31.291108349927086
121.2115700751724,31.291108349927086
121.21214767747084,31.29111639270731
121.21273244548334,31.290744757744598
121.21273244548334,31.290744757744598
121.21328139243603,31.29227149613925
121.21328139243603,31.29227149613925
121.21216918045153,31.289977367550755
121.21188396703201,31.289783509147036
121.21160233959255,31.28939981264895
121.21162743224261,31.288070949986306
121.21162743224261,31.288070949986306
121.21220859941323,31.287889154204084
121.21308571852047,31.287331698860722
121.21396640710374,31.28658439926
121.21396640710374,31.28658439926
121.21541749966833,31.286224795841896
121.21369910021271,31.285441355889414
121.2143052985002,31.283930684432583
121.2143052985002,31.283930684432583
121.21347476145343,31.282020257465927
121.21328139243603,31.29227149613925
121.21376353517373,31.28202427385557
121.21404873009737,31.282218127568065
121.21404873009737,31.282218127568065
121.2140415722872,31.282597803493044
121.21376353517373,31.28202427385557
121.21202731081752,31.28219000355144
121.2117385368655,31.282185983240385
121.21115740446726,31.282367778339513
121.21400578120492,31.284496182758836
121.21400578120492,31.284496182758836
121.21057268406332,31.282739408314068
121.20999154624613,31.282921197907633
121.2099879591313,31.283111035431176
121.20969559496724,31.28329684791817
121.20969559496724,31.28329684791817
121.20940322967115,31.283482659690776
121.20996284837736,31.284439897928426
121.20910368524015,31.284048145562796
121.20910368524015,31.284048145562796
121.20910368524015,31.284048145562796
121.20910368524015,31.284048145562796
121.20910368524015,31.284048145562796
121.20910368524015,31.284048145562796
121.20938528746898,31.284431846859917
121.2093888759773,31.28424200943806
121.2091000961878,31.28423798296073
121.2091000961878,31.28423798296073
121.20940322967115,31.283482659690776
121.20940322967115,31.283482659690776
121.20940322967115,31.283482659690776
121.20969918269395,31.2831070104305
121.21028390866628,31.28273538467039
121.21028390866628,31.28273538467039
121.21057626995442,31.282549570718768
121.21057626995442,31.282549570718768
121.21057626995442,31.282549570718768
121.21086863011055,31.282363756052796
121.21086863011055,31.282363756052796
121.21116098913467,31.282177940672497
121.21174212034317,31.28199614550765
121.21174212034317,31.28199614550765
121.21203089371727,31.28200016578885
121.21203089371727,31.28200016578885
121.21231966714909,31.282004185421453
121.21289721418587,31.282012222740878
121.21318598779081,31.282016240427698
121.21347476145343,31.282020257465927
121.21376353517373,31.28202427385557
121.21376353517373,31.28202427385557
121.21367045893035,31.28696005839318
121.21367045893035,31.28696005839318
121.21462985668057,31.2820363191329
121.21462985668057,31.2820363191329
121.21491863063149,31.28204033292815
121.21520382809742,31.28223418416552
121.21548902674299,31.282428034807918
121.21577065107996,31.282811722987674
121.21577065107996,31.282811722987674
121.21577065107996,31.282811722987674
121.21577065107996,31.282811722987674
121.21605227765104,31.283195410614038
121.21605227765104,31.283195410614038
121.21633390645626,31.283579097687014
121.21633390645626,31.283579097687014
121.21661911145291,31.28377294602073
121.21631603361104,31.28452828843727
121.2163017347262,31.285287640929777
121.2163017347262,31.285287640929777
121.2160057998604,31.285663306021906
121.21571343866808,31.285849132291617
121.21571343866808,31.285849132291617
121.21542107634347,31.286034957847043
121.21542107634347,31.286034957847043
121.21512871288658,31.286220782688194
121.2148363482974,31.28640660681505
121.2148363482974,31.28640660681505
121.2148363482974,31.28640660681505
121.214258773866,31.286398577204512
121.21367045893035,31.28696005839318
121.21367045893035,31.28696005839318
121.21337808929158,31.287145878984145
121.21337808929158,31.287145878984145
121.2133637653898,31.28790522994912
121.2133637653898,31.28790522994912
121.2133637653898,31.28790522994912
121.21336734641606,31.287715392216843
121.2133637653898,31.28790522994912
121.21364897654617,31.28809908501963
121.21364539603026,31.288288922769755
121.21364181548047,31.288478760513893
121.2139270289053,31.288672615037022
121.2139234488659,31.28886245279903
121.21391986879263,31.289052290555038
121.21420150492314,31.289435982304617
121.21478267626001,31.289254175035765
121.21506789440501,31.28944802717842
121.21506789440501,31.28944802717842
121.21564548768114,31.289456053850365
121.21564548768114,31.289456053850365
121.21564548768114,31.289456053850365
121.21564548768114,31.289456053850365
121.21593428440565,31.28946006621316
121.21622308118776,31.28946407792717
121.21622308118776,31.28946407792717
121.216219505638,31.2896539159037
121.21649757793806,31.290227440981724
121.21649757793806,31.290227440981724
121.21649400283115,31.290417278964085
121.21591282713078,31.290599093803777
121.21504284865803,31.290776892054055
121.21418002683484,31.290575008822156
121.21418002683484,31.290575008822156
121.21417286720119,31.290954684280113
121.21445808897329,31.291148537875223
121.21445450964998,31.29133837561906
121.21445450964998,31.29133837561906
121.21445450964998,31.29133837561906
121.2144473509018,31.291718051088793
121.2141406471735,31.29266322354469
121.21414422731202,31.292473385872572
121.2144366125256,31.292287564248483
121.21444377147694,31.291907888814677
121.21415854752752,31.291714035124222
121.21386616362962,31.291899856177068
121.21386616362962,31.291899856177068
121.21386616362962,31.291899856177068
121.21386616362962,31.291899856177068
121.21358094095196,31.29170600124859
121.21328855601303,31.291891820944077
121.21328139243603,31.29227149613925
121.21328139243603,31.29227149613925
121.21327422872352,31.2926511713105
121.21297825768441,31.293026827688987
121.21182302949742,31.29301074612503
121.21153422259502,31.293006724111862
121.21153422259502,31.293006724111862
121.2112454157504,31.29300270144983
121.2112454157504,31.29300270144983
121.21095660896353,31.29299867813892
121.21066780223444,31.292994654179147
121.21066780223444,31.292994654179147
121.21066780223444,31.292994654179147
121.2100866006142,31.293176441549157
121.20979779348029,31.293172415612876
121.20950898640417,31.293168389027723
121.2092201793859,31.293164361793703
121.2092201793859,31.293164361793703
121.20893137242544,31.29316033391081
121.20864256552284,31.293156305379036
121.20864256552284,31.293156305379036
121.20719853187782,31.293136152987145
121.20546929100169,31.292922111946915
121.20459927496528,31.29309983780304
121.203444051178,31.29308368085072
121.203444051178,31.29308368085072
121.203444051178,31.29308368085072
121.203444051178,31.29308368085072
121.203444051178,31.29308368085072
121.20315524537621,31.29307963999048
121.20286643963244,31.293075598481376
121.20286643963244,31.293075598481376
121.20229243226659,31.292877677089244
121.20172203244753,31.292489916836555
121.20143683430858,31.292296035818033
121.20144043985435,31.29210619945683
121.20145486169639,31.291346853952092
121.2014620724128,31.29096718116379
121.2014620724128,31.29096718116379
121.20204687892495,31.290595596428695
121.20204687892495,31.290595596428695
121.20233928048253,31.290409802988872
121.20233928048253,31.290409802988872
121.20263528376587,31.29003417228704
121.20293128465839,31.2896585407924
121.20293128465839,31.2896585407924
121.20293128465839,31.2896585407924
121.20293128465839,31.2896585407924
121.20351607739855,31.289286948765138
121.2035196783519,31.289097112097974
121.20410086560958,31.288915353878867
121.20410086560958,31.288915353878867
121.2041044653386,31.288725517139742
121.20439325801668,31.288729555363645
121.20440405526519,31.28816004502034
121.20411886391419,31.287966170123312
121.20412246347297,31.287776333354227
121.20412606299769,31.28758649657914
121.20992338526158,31.286528109831465
121.20992338526158,31.286528109831465
121.20442564884299,31.287021024172027
121.2047180346088,31.286835224618347
121.2047180346088,31.286835224618347
121.21357735979248,31.291895838884997
121.2047180346088,31.286835224618347
121.20559878147553,31.28608798469656
121.20559878147553,31.28608798469656
121.2058911621007,31.285902182248403
121.2058911621007,31.285902182248403
121.2058911621007,31.285902182248403
121.20735304824477,31.284973159289045
121.20735304824477,31.284973159289045
121.20764901412143,31.28459751532316
121.20764901412143,31.28459751532316
121.20852971716491,31.28385025337791
121.20852971716491,31.28385025337791
121.20852971716491,31.28385025337791
121.20852612699056,31.284040090722016
121.20852612699056,31.284040090722016
121.20881849568282,31.283854281092708
121.20881849568282,31.283854281092708
121.20881490608645,31.284044118466724
121.20881849568282,31.283854281092708
121.20881849568282,31.283854281092708
121.20881849568282,31.283854281092708
121.20881849568282,31.283854281092708
121.20881849568282,31.283854281092708
121.20881849568282,31.283854281092708
121.20881490608645,31.284044118466724
121.20881490608645,31.284044118466724
121.20881490608645,31.284044118466724
121.20881490608645,31.284044118466724
121.20881490608645,31.284044118466724
121.20881490608645,31.284044118466724
121.20881490608645,31.284044118466724
121.20881490608645,31.284044118466724
121.20881490608645,31.284044118466724
121.20881490608645,31.284044118466724
121.20881490608645,31.284044118466724
121.20881490608645,31.284044118466724
121.20881490608645,31.284044118466724
121.20881490608645,31.284044118466724
121.20881490608645,31.284044118466724
121.20881490608645,31.284044118466724
121.20881490608645,31.284044118466724
121.20909291798124,31.28461765773865
121.20908932882702,31.284807495118635
121.20879336779512,31.285183142585122
121.20821221173529,31.285364923360376
121.20820862071125,31.285554760626667
121.20820862071125,31.285554760626667
121.20763105356087,31.285546701415264
121.20676470326937,31.28553460773308
121.20676470326937,31.28553460773308
121.20647591995467,31.285530575208337
121.20647591995467,31.285530575208337
121.20647232542855,31.285720412289034
121.20618354159375,31.285716379085663
121.20618354159375,31.285716379085663
121.20589475781685,31.285712345233616
121.20589475781685,31.285712345233616
121.2058911621007,31.285902182248403
121.20676829718347,31.285344770616447
121.20676829718347,31.285344770616447
121.2058911621007,31.285902182248403
121.20442564884299,31.287021024172027
121.20442564884299,31.287021024172027
121.20442204999846,31.28721086099504
121.20441845111989,31.287400697812085
121.20412606299769,31.28758649657914
121.20440765427992,31.28797020822727
121.20440405526519,31.28816004502034
121.20468924779627,31.28835391932261
121.20497444150747,31.28854779303011
121.2052596363988,31.28874166614283
121.2052596363988,31.28874166614283
121.20554123559772,31.28912537554378
121.2058264333934,31.289319247490848
121.20582283703095,31.289509084391877
121.20582283703095,31.289509084391877
121.20611163236924,31.28951311884309
121.20610803655089,31.289702955768085
121.20610444069852,31.289892792687084
121.20638964194276,31.290086663492417
121.20638964194276,31.290086663492417
121.20638964194276,31.290086663492417
121.20638604660053,31.290276500429385
121.20666405987087,31.29085004456773
121.20666405987087,31.29085004456773
121.20723087771357,31.29142762033856
121.20751608585537,31.291621488860095
121.20751608585537,31.291621488860095
121.20751608585537,31.291621488860095
121.20809369000416,31.29162954998685
121.20838249216537,31.291633579576978
121.20896368703801,31.291451799646286
121.20896368703801,31.291451799646286
121.20954129060897,31.291459854224904
121.21011889441122,31.291467906208208
121.21070008531828,31.29128611824638
121.2112776884265,31.29129416497929
121.2118552917658,31.291302209116886
121.2118552917658,31.291302209116886
121.21243647870666,31.29112041312419
121.21272886275872,31.290934595321406
121.21272886275872,31.290934595321406
121.21216559670616,31.290167205091826
121.21216559670616,31.290167205091826
121.21216559670616,31.290167205091826
121.21216559670616,31.290167205091826
121.21188755128772,31.289593671623866
121.21188755128772,31.289593671623866
121.21160592435857,31.289209975143674
121.21160592435857,31.289209975143674
121.21160950909068,31.28902013763241
121.21160950909068,31.28902013763241
121.21132788490644,31.28863644061686
121.21132788490644,31.28863644061686
121.21103909141745,31.288632417993036
121.21133147011493,31.288446603117503
121.21133147011493,31.288446603117503
121.21162743224261,31.288070949986306
121.21191980806339,31.287885133645975
121.21191980806339,31.287885133645975
121.21220859941323,31.287889154204084
121.2125009735813,31.28770333647071
121.2130821369839,31.287521536575134
121.2130821369839,31.287521536575134
121.2130821369839,31.287521536575134
121.21337092740843,31.287525554478602
121.21337450836694,31.287335716734354
121.21367045893035,31.28696005839318
121.21454040406513,31.28678226811508
121.21512155827872,31.286600458600336
121.21512155827872,31.286600458600336
121.21541749966833,31.286224795841896
121.21571701469752,31.285659294254987
121.21571701469752,31.285659294254987
121.21600937527799,31.285473467949508
121.2163017347262,31.285287640929777
121.2163017347262,31.285287640929777
121.2163017347262,31.285287640929777
121.21362749294266,31.28923811143061
121.21362749294266,31.28923811143061
121.21362749294266,31.28923811143061
121.21362749294266,31.28923811143061
121.21362749294266,31.28923811143061
121.21362749294266,31.28923811143061
121.21362749294266,31.28923811143061
121.21362749294266,31.28923811143061
121.21577065107996,31.282811722987674
121.21548902674299,31.282428034807918
121.21548902674299,31.282428034807918
121.21434108278731,31.28203230468905
121.2143339262007,31.282411980685634
121.2143339262007,31.282411980685634
121.2143339262007,31.282411980685634
121.2143339262007,31.282411980685634
121.21431603414176,31.283361170572356
121.21430887708124,31.283740846485156
121.2143052985002,31.283930684432583
121.21429814123655,31.284310360309476
121.2142909838375,31.28469003616243
121.2142874050872,31.284879874079934
121.21399146382399,31.2852555342976
121.21399146382399,31.2852555342976
121.21340315481555,31.28581701456503
121.21340315481555,31.28581701456503
121.21340315481555,31.28581701456503
121.21312153202297,31.28543332138758
121.21283991146463,31.28504962765686
121.21283991146463,31.28504962765686
121.21283991146463,31.28504962765686
121.21284707477909,31.28466995212615
121.21256187532488,31.28447609562843
121.21256187532488,31.28447609562843
121.21283991146463,31.28504962765686
121.21198431337677,31.28446805623567
121.21198431337677,31.28446805623567
121.21198431337677,31.28446805623567
121.21169553248932,31.28446403556631
121.21140675165958,31.284460014248296
121.21140675165958,31.284460014248296
121.21140675165958,31.284460014248296
121.21111797088761,31.284455992281625
121.21082919017338,31.284451969666303
121.21054040951694,31.28444794640233
121.21025162891826,31.2844439224897
121.21025162891826,31.2844439224897
121.20996284837736,31.284439897928426
121.20967406789427,31.284435872718493
121.20967406789427,31.284435872718493
121.20967406789427,31.284435872718493
121.20967406789427,31.284435872718493
121.20967047992998,31.28462571016426
121.20967047992998,31.28462571016426
121.20967406789427,31.284435872718493
121.20996284837736,31.284439897928426
121.20996284837736,31.284439897928426
121.20996284837736,31.284439897928426
121.21024804210994,31.284633759995252
121.21024804210994,31.284633759995252
121.2102444552677,31.284823597494825
121.21273602817408,31.290554920161792
121.21273244548334,31.290744757744598
121.21272886275872,31.290934595321406
121.21301408135147,31.291128452011463
121.21301408135147,31.291128452011463
121.21301408135147,31.291128452011463
121.2132957194545,31.291512145724937
121.21329213775071,31.2917019833375
121.21329213775071,31.2917019833375
121.21328497424147,31.292081658544657
121.21328497424147,31.292081658544657
121.21328497424147,31.292081658544657
121.21328497424147,31.292081658544657
121.21328497424147,31.292081658544657
121.21075029798624,31.288628394720458
121.21075029798624,31.288628394720458
121.21075029798624,31.288628394720458
121.21075029798624,31.288628394720458
121.21104267720405,31.28844258052355
121.21104267720405,31.28844258052355
121.21075029798624,31.288628394720458
121.21075029798624,31.288628394720458
121.21075029798624,31.288628394720458
121.21160950909068,31.28902013763241
121.21160950909068,31.28902013763241
121.21189471969741,31.289213996559564
121.21189471969741,31.289213996559564
121.21189471969741,31.289213996559564
121.21217276416299,31.289787530003725
121.21217276416299,31.289787530003725
121.21217276416299,31.289787530003725
121.21217276416299,31.289787530003725
121.21245439505115,31.290171225359433
121.21189471969741,31.289213996559564
121.21301408135147,31.291128452011463
121.21273602817408,31.290554920161792
121.21301408135147,31.291128452011463
121.21301408135147,31.291128452011463
121.21355945348697,31.292845026977243
121.21355945348697,31.292845026977243
121.21355945348697,31.292845026977243
121.21328139243603,31.29227149613925
121.21327781059672,31.29246133372787
121.21327781059672,31.29246133372787
121.21355945348697,31.292845026977243
121.21355945348697,31.292845026977243
121.21327064681644,31.292841008887144
121.21326706487547,31.29303084645779
121.21326706487547,31.29303084645779
121.21268945055107,31.293022808271303
121.21240064347545,31.293018788204755
121.21268945055107,31.293022808271303
121.21240064347545,31.293018788204755
121.21153422259502,31.293006724111862
121.21095302236279,31.29318851546475
121.21095302236279,31.29318851546475
121.21095302236279,31.29318851546475
121.21095302236279,31.29318851546475
121.21066421505547,31.293184491475092
121.21037540780594,31.29318046683656
121.20979779348029,31.293172415612876
121.20950898640417,31.293168389027723
121.2092201793859,31.293164361793703
121.20864256552284,31.293156305379036
121.20864256552284,31.293156305379036
121.20864256552284,31.293156305379036
121.2080649518912,31.293148246368894
121.2080649518912,31.293148246368894
121.20748733849106,31.29314018476326
121.20719853187782,31.293136152987145
121.20719853187782,31.293136152987145
121.20719853187782,31.293136152987145
121.20633211238552,31.293124053765577
121.20633211238552,31.293124053765577
121.20604330600395,31.29312001939399
121.20575809668917,31.29292614758628
121.20575809668917,31.29292614758628
121.20546929100169,31.292922111946915
121.20546929100169,31.292922111946915
121.20431046893145,31.29309579953826
121.203444051178,31.29308368085072
121.203444051178,31.29308368085072
121.2107754018267,31.287299532517483
121.20472163280719,31.286645387753364
121.20501041924246,31.286649424350014
121.20501041924246,31.286649424350014
121.20501041924246,31.286649424350014
121.20530639971822,31.286273786430115
121.20559878147553,31.28608798469656
121.20559878147553,31.28608798469656
121.2058911621007,31.285902182248403
121.20647591995467,31.285530575208337
121.20618354159375,31.285716379085663
121.20618354159375,31.285716379085663
121.20618354159375,31.285716379085663
121.20676829718347,31.285344770616447
121.20764901412143,31.28459751532316
121.20764901412143,31.28459751532316
121.20794138620988,31.284411707837265
121.20794138620988,31.284411707837265
121.20823375716625,31.284225899636873
121.20852612699056,31.284040090722016
121.20852971716491,31.28385025337791
121.20882208524523,31.2836644437127
121.2091144521935,31.283478633333054
121.2094104063144,31.283102984781205
121.2094104063144,31.283102984781205
121.2094104063144,31.283102984781205
121.20999154624613,31.282921197907633
121.20999154624613,31.282921197907633
121.2105798558116,31.28235973311748
121.2105798558116,31.28235973311748
121.21028390866628,31.28273538467039
121.21116098913467,31.282177940672497
121.21174212034317,31.28199614550765
121.21174212034317,31.28199614550765
121.21174212034317,31.28199614550765
121.21260844063863,31.28200820440546
121.21260844063863,31.28200820440546
121.21260844063863,31.28200820440546
121.21347476145343,31.282020257465927
121.21347476145343,31.282020257465927
121.21260844063863,31.28200820440546
121.21347476145343,31.282020257465927
121.2140523089517,31.282028289596607
121.2140523089517,31.282028289596607
121.2140523089517,31.282028289596607
121.21491863063149,31.28204033292815
121.21462985668057,31.2820363191329
121.21491863063149,31.28204033292815
121.21491863063149,31.28204033292815
121.21491863063149,31.28204033292815
121.21520740464004,31.28204434607481
121.21520740464004,31.28204434607481
121.21520382809742,31.28223418416552
121.21520382809742,31.28223418416552
121.21520382809742,31.28223418416552
121.21605942757307,31.2828157343077
121.21605942757307,31.2828157343077
121.2157742265682,31.282621884855313
121.21605942757307,31.2828157343077
121.21605227765104,31.283195410614038
121.21633390645626,31.283579097687014
121.21633033195484,31.283768935849025
121.21661553749567,31.28396278420655
121.21661553749567,31.28396278420655
121.20618354159375,31.285716379085663
121.20618354159375,31.285716379085663
121.2160057998604,31.285663306021906
121.21571701469752,31.285659294254987
121.2099449111065,31.28538908524688
121.2099449111065,31.28538908524688
121.20963818672404,31.286334246906794
121.21483992616245,31.286216768885794
121.214255194811,31.28658841506815
121.21764920232887,31.290433317332575
121.21764920232887,31.290433317332575
121.21328497424147,31.292081658544657
121.20991620970844,31.286907784645113
121.21367045893035,31.28696005839318
121.21337450836694,31.287335716734354
121.21337450836694,31.287335716734354
121.21337450836694,31.287335716734354
121.21337092740843,31.287525554478602
121.21337092740843,31.287525554478602
121.21336734641606,31.287715392216843
121.21336734641606,31.287715392216843
121.2133637653898,31.28790522994912
121.2133637653898,31.28790522994912
121.2133637653898,31.28790522994912
121.21364897654617,31.28809908501963
121.21364897654617,31.28809908501963
121.21393418888252,31.28829293949507
121.21393418888252,31.28829293949507
121.21391986879263,31.289052290555038
121.21391986879263,31.289052290555038
121.21362749294266,31.28923811143061
121.21362749294266,31.28923811143061
121.21362749294266,31.28923811143061
121.21362749294266,31.28923811143061
121.21362749294266,31.28923811143061
121.21362749294266,31.28923811143061
121.21362749294266,31.28923811143061
121.21160950909068,31.28902013763241
121.21160950909068,31.28902013763241
121.21160950909068,31.28902013763241
121.21161309378888,31.28883030011516
121.21161309378888,31.28883030011516
121.21132788490644,31.28863644061686
121.21132788490644,31.28863644061686
121.21132788490644,31.28863644061686
121.21132788490644,31.28863644061686
121.21132788490644,31.28863644061686
121.21133147011493,31.288446603117503
121.21133147011493,31.288446603117503
121.21133147011493,31.288446603117503
121.21133147011493,31.288446603117503
121.2107574706817,31.28824871983526
121.2107574706817,31.28824871983526
121.2107574706817,31.28824871983526
121.21048302576064,31.287485346250968
121.21048302576064,31.287485346250968
121.21020499776358,31.28691180959495
121.20992338526158,31.286528109831465
121.20992338526158,31.286528109831465
121.20992338526158,31.286528109831465
121.20991620970844,31.286907784645113
121.20963818672404,31.286334246906794
121.2096417749938,31.2861444095149
121.2096417749938,31.2861444095149
121.2096417749938,31.2861444095149
121.2096417749938,31.2861444095149
121.20935657818029,31.285950546019254
121.2090713825467,31.28575668192875
121.20907497187068,31.285566844578693
121.20878977796106,31.285372979917234
121.20879336779512,31.285183142585122
121.20879336779512,31.285183142585122
121.20908932882702,31.284807495118635
121.20908932882702,31.284807495118635
121.20908932882702,31.284807495118635
121.20879336779512,31.285183142585122
121.20879336779512,31.285183142585122
121.20879336779512,31.285183142585122
121.20938528746898,31.284431846859917
121.2093888759773,31.28424200943806
121.2093888759773,31.28424200943806
121.20910368524015,31.284048145562796
121.20939246445168,31.284052172010217
121.21054040951694,31.28444794640233
121.21054040951694,31.28444794640233
121.21054040951694,31.28444794640233
121.21054040951694,31.28444794640233
121.21054040951694,31.28444794640233
121.2105368232866,31.284637783937765
121.2105368232866,31.284637783937765
121.2105368232866,31.284637783937765
121.21082560452105,31.284641807231615
121.21169194857093,31.284653873221227
121.21198073003639,31.284657893920446
121.21198073003639,31.284657893920446
121.21198073003639,31.284657893920446
121.21198073003639,31.284657893920446
121.21198073003639,31.284657893920446
121.21197356325393,31.285037569272053
121.21196997981185,31.285227406938887
121.21196997981185,31.285227406938887
121.21225518017107,31.285421264769706
121.21224443127383,31.28599077780588
121.21224443127383,31.28599077780588
121.21224443127383,31.28599077780588
121.21224443127383,31.28599077780588
121.21224443127383,31.28599077780588
121.2122408482403,31.28618061547263
121.21252605195593,31.286374472803956
121.21252605195593,31.286374472803956
121.21252605195593,31.286374472803956
121.21281125685148,31.28656832954029
121.21281125685148,31.28656832954029
121.21281125685148,31.28656832954029
121.21309646292694,31.28676218568164
121.21309646292694,31.28676218568164
121.21308930002317,31.287141861140352
121.21308571852047,31.287331698860722
121.2130821369839,31.287521536575134
121.2130821369839,31.287521536575134
121.2130821369839,31.287521536575134
121.21393060891084,31.28848277726904
121.21393060891084,31.28848277726904
121.21421224351016,31.288866468965054
121.2139162886855,31.28924212830507
121.2139162886855,31.28924212830507
121.21391986879263,31.289052290555038
121.21391986879263,31.289052290555038
121.21391986879263,31.289052290555038
121.2139162886855,31.28924212830507
121.21268945055107,31.293022808271303
121.21391986879263,31.289052290555038
121.21312153202297,31.28543332138758
121.21340315481555,31.28581701456503
121.21368477984247,31.28620070718917
121.21368477984247,31.28620070718917
121.21368477984247,31.28620070718917
121.21396640710374,31.28658439926
121.21396640710374,31.28658439926
121.21396640710374,31.28658439926
121.21425161572215,31.28677825292582
121.21367045893035,31.28696005839318
121.21337092740843,31.287525554478602
121.21337092740843,31.287525554478602
121.21278976446851,31.287707355701492
121.2124973908208,31.287893174113456
121.2124973908208,31.287893174113456
121.21220859941323,31.287889154204084
121.21162743224261,31.288070949986306
121.21162743224261,31.288070949986306
121.21103909141745,31.288632417993036
121.21132788490644,31.28863644061686
121.21132429966403,31.288826278110236
121.21132429966403,31.288826278110236
121.21160950909068,31.28902013763241
121.21160950909068,31.28902013763241
121.21188755128772,31.289593671623866
121.21188755128772,31.289593671623866
121.21217276416299,31.289787530003725
121.21245797821837,31.289981387788515
121.21245797821837,31.289981387788515
121.21245797821837,31.289981387788515
121.21273244548334,31.290744757744598
121.21273244548334,31.290744757744598
121.21329213775071,31.2917019833375
121.21273244548334,31.290744757744598
121.21273244548334,31.290744757744598
121.21273244548334,31.290744757744598
121.21329213775071,31.2917019833375
121.21329213775071,31.2917019833375
121.21357377859913,31.29208567651542
121.21357377859913,31.29208567651542
121.21357377859913,31.29208567651542
121.21357377859913,31.29208567651542
121.2135701973719,31.292275514139845
121.21425161572215,31.28677825292582
121.21425161572215,31.28677825292582
121.21082919017338,31.284451969666303
121.2135701973719,31.292275514139845
121.21328139243603,31.29227149613925
121.21328139243603,31.29227149613925
121.21328855601303,31.291891820944077
121.21328855601303,31.291891820944077
121.21328497424147,31.292081658544657
121.21386616362962,31.291899856177068
121.2138697442109,31.291710018510823
121.21245439505115,31.290171225359433
121.2138697442109,31.291710018510823
121.21328855601303,31.291891820944077
121.2138697442109,31.291710018510823
121.21417644703494,31.29076484655413
121.21446882674005,31.290579024607787
121.21446882674005,31.290579024607787
121.21446882674005,31.290579024607787
121.21446882674005,31.290579024607787
121.21504284865803,31.290776892054055
121.21562402693736,31.290595081262204
121.21620520310069,31.29041326774993
121.21620520310069,31.29041326774993
121.21678637714795,31.290231451517283
121.21678637714795,31.290231451517283
121.21678637714795,31.290231451517283
121.21707517641543,31.290235461404034
121.21707517641543,31.290235461404034
121.2173639757405,31.290239470641986
121.21765277512313,31.29024347923112
121.21765277512313,31.29024347923112
121.21765277512313,31.29024347923112
121.21794157456331,31.290247487171456
121.21794157456331,31.290247487171456
121.21794157456331,31.290247487171456
121.2179451467456,31.29005764903423
121.2179451467456,31.29005764903423
121.21823751723554,31.28987181812305
121.21823037406104,31.290251494462975
121.21823394566518,31.290061656295997
121.21823394566518,31.290061656295997
121.21823394566518,31.290061656295997
121.21794157456331,31.290247487171456
121.21764920232887,31.290433317332575
121.21765277512313,31.29024347923112
121.21765277512313,31.29024347923112
121.21764920232887,31.290433317332575
121.21707517641543,31.290235461404034
121.21707517641543,31.290235461404034
121.21707517641543,31.290235461404034
121.21707517641543,31.290235461404034
121.21707517641543,31.290235461404034
121.21707517641543,31.290235461404034
121.21678637714795,31.290231451517283
121.21649757793806,31.290227440981724
121.21620877878574,31.290223429797358
121.21417286720119,31.290954684280113
121.21417286720119,31.290954684280113
121.21504284865803,31.290776892054055
121.21591282713078,31.290599093803777
121.21591282713078,31.290599093803777
121.21504284865803,31.290776892054055
121.21504284865803,31.290776892054055
121.21504284865803,31.290776892054055
121.21504284865803,31.290776892054055
121.21446882674005,31.290579024607787
121.21418002683484,31.290575008822156
121.21418002683484,31.290575008822156
121.21417286720119,31.290954684280113
121.21417286720119,31.290954684280113
121.21475046938193,31.29096271532185
121.21416570743207,31.29133435971414
121.2144473509018,31.291718051088793
121.21415854752752,31.291714035124222
121.21415854752752,31.291714035124222
121.21328855601303,31.291891820944077
121.21328855601303,31.291891820944077
121.21328497424147,31.292081658544657
121.21328497424147,31.292081658544657
121.21328497424147,31.292081658544657
121.21328139243603,31.29227149613925
121.21299258755788,31.292267477489812
121.21076822947046,31.287679207462553
121.21076822947046,31.287679207462553
121.21076822947046,31.287679207462553
121.2107754018267,31.287299532517483
121.21048661249985,31.287295508805315
121.21077181566554,31.287489369993025
121.21076822947046,31.287679207462553
121.21104984867547,31.288062905566633
121.21104267720405,31.28844258052355
121.21104267720405,31.28844258052355
121.21189113550952,31.289403834094703
121.21189113550952,31.289403834094703
121.21188755128772,31.289593671623866
121.21188755128772,31.289593671623866
121.21216559670616,31.290167205091826
121.21216559670616,31.290167205091826
121.21216559670616,31.290167205091826
121.21273244548334,31.290744757744598
121.21301766353182,31.290938614410788
121.21301766353182,31.290938614410788
121.21301766353182,31.290938614410788
121.21329213775071,31.2917019833375
121.21329213775071,31.2917019833375
121.21329213775071,31.2917019833375
121.21329213775071,31.2917019833375
121.21329213775071,31.2917019833375
121.21357377859913,31.29208567651542
121.21357377859913,31.29208567651542
121.2135701973719,31.292275514139845
121.2135701973719,31.292275514139845
121.2135666161108,31.292465351758306
121.2135666161108,31.292465351758306
121.2135666161108,31.292465351758306
121.2135666161108,31.292465351758306
121.2135666161108,31.292465351758306
121.2135666161108,31.292465351758306
121.20939605289212,31.283862334576387
121.20939605289212,31.283862334576387
121.20911086324301,31.28366847074895
121.2093888759773,31.28424200943806
121.20911086324301,31.28366847074895
121.20911086324301,31.28366847074895
121.2093888759773,31.28424200943806
121.2093888759773,31.28424200943806
121.2096776558246,31.284246035266737
121.2096776558246,31.284246035266737
121.2096776558246,31.284246035266737
121.2096776558246,31.284246035266737
121.20996284837736,31.284439897928426
121.20996284837736,31.284439897928426
121.20996284837736,31.284439897928426
121.20996284837736,31.284439897928426
121.20996284837736,31.284439897928426
121.20996284837736,31.284439897928426
121.20996284837736,31.284439897928426
121.20996284837736,31.284439897928426
121.20995926099107,31.284629735404085
121.20995926099107,31.284629735404085
121.20995926099107,31.284629735404085
121.20995567357083,31.284819572873758
121.20995567357083,31.284819572873758
121.20995567357083,31.284819572873758
121.20995208611666,31.285009410337448
121.20994849862855,31.285199247795155
121.20994849862855,31.285199247795155
121.2099449111065,31.28538908524688
121.2099449111065,31.28538908524688
121.2096489514315,31.285764734713176
121.2096489514315,31.285764734713176
121.20964536322963,31.285954572117024
121.20935298936644,31.286140383387234
121.20963818672404,31.286334246906794
121.20991979750198,31.28671794724129
121.20991979750198,31.28671794724129
121.20991979750198,31.28671794724129
121.20991620970844,31.286907784645113
121.20991620970844,31.286907784645113
121.20991620970844,31.286907784645113
121.21020141051416,31.287101647022677
121.21076105697854,31.28805888238369
121.21076105697854,31.28805888238369
121.21076105697854,31.28805888238369
121.21076105697854,31.28805888238369
121.21104267720405,31.28844258052355
121.21160233959255,31.28939981264895
121.21160233959255,31.28939981264895
121.21160233959255,31.28939981264895
121.21160233959255,31.28939981264895
121.21217276416299,31.289787530003725
121.21216918045153,31.289977367550755
121.21245439505115,31.290171225359433
121.21273602817408,31.290554920161792
121.21273602817408,31.290554920161792
121.21273602817408,31.290554920161792
121.21273602817408,31.290554920161792
121.21272886275872,31.290934595321406
121.21272886275872,31.290934595321406
121.21272528000021,31.291124432892236
121.21300333460717,31.291697964777573
121.21300333460717,31.291697964777573
121.21328497424147,31.292081658544657
121.21328497424147,31.292081658544657
121.21328497424147,31.292081658544657
121.21328497424147,31.292081658544657
121.21328497424147,31.292081658544657
121.21328497424147,31.292081658544657
121.21328497424147,31.292081658544657
121.21328497424147,31.292081658544657
121.21328497424147,31.292081658544657
121.21328497424147,31.292081658544657
121.21328497424147,31.292081658544657
121.21328497424147,31.292081658544657
121.21328139243603,31.29227149613925
121.21328139243603,31.29227149613925
121.21328139243603,31.29227149613925
121.21328139243603,31.29227149613925
121.21328139243603,31.29227149613925
121.21328139243603,31.29227149613925
121.21327781059672,31.29246133372787
121.21327781059672,31.29246133372787
121.21327781059672,31.29246133372787
121.21328139243603,31.29227149613925
121.21328497424147,31.292081658544657
121.21328497424147,31.292081658544657
121.21357735979248,31.291895838884997
121.21357735979248,31.291895838884997
121.21386616362962,31.291899856177068
121.21386616362962,31.291899856177068
121.20984444671011,31.29070453146447
121.20984444671011,31.29070453146447
121.2144473509018,31.291718051088793
121.21416928733356,31.291144522000117
121.21416928733356,31.291144522000117
121.21417286720119,31.290954684280113
121.21418002683484,31.290575008822156
121.21418002683484,31.290575008822156
121.21446882674005,31.290579024607787
121.21533164931435,31.290780905923057
121.21562402693736,31.290595081262204
121.21562402693736,31.290595081262204
121.21562402693736,31.290595081262204
121.21591282713078,31.290599093803777
121.21620520310069,31.29041326774993
121.21620877878574,31.290223429797358
121.21649757793806,31.290227440981724
121.21649757793806,31.290227440981724
121.21678637714795,31.290231451517283
121.21678637714795,31.290231451517283
121.21678637714795,31.290231451517283
121.21678637714795,31.290231451517283
121.21678637714795,31.290231451517283
121.21707517641543,31.290235461404034
121.2173639757405,31.290239470641986
121.2173639757405,31.290239470641986
121.21794157456331,31.290247487171456
121.21794157456331,31.290247487171456
121.2179451467456,31.29005764903423
121.2179451467456,31.29005764903423
121.21328139243603,31.29227149613925
121.21328139243603,31.29227149613925
121.21328139243603,31.29227149613925
121.21328139243603,31.29227149613925
121.21328139243603,31.29227149613925
121.21328139243603,31.29227149613925
121.21328139243603,31.29227149613925
121.21328139243603,31.29227149613925
121.21328497424147,31.292081658544657
121.21299975229128,31.291887802354314
121.21299975229128,31.291887802354314
121.21300691688916,31.29150812719485
121.21300691688916,31.29150812719485
121.21244364534614,31.290740738036245
121.21244364534614,31.290740738036245
121.21244722861503,31.290550900483286
121.21216559670616,31.290167205091826
121.21216559670616,31.290167205091826
121.21216559670616,31.290167205091826
121.21160233959255,31.28939981264895
121.21160233959255,31.28939981264895
121.21132071438771,31.289016115597605
121.21132071438771,31.289016115597605
121.21103909141745,31.288632417993036
121.21103909141745,31.288632417993036
121.21103909141745,31.288632417993036
121.2107574706817,31.28824871983526
121.21076105697854,31.28805888238369
121.21076105697854,31.28805888238369
121.21047585218041,31.287865021124304
121.21047585218041,31.287865021124304
121.21047585218041,31.287865021124304
121.2101942359135,31.287481321860184
121.2101942359135,31.287481321860184
121.20962024486607,31.28728343377645
121.20962024486607,31.28728343377645
121.20962383330556,31.287093596414497
121.20933504478796,31.287089570137336
121.2093422227212,31.286709895455264
121.2093458116369,31.286520058105236
121.20934940051865,31.286330220749228
121.20935298936644,31.286140383387234
121.20935298936644,31.286140383387234
121.2096489514315,31.285764734713176
121.20994132355052,31.28557892269261
121.2099449111065,31.28538908524688
121.20995208611666,31.285009410337448
121.2102444552677,31.284823597494825
121.21024804210994,31.284633759995252
121.20996284837736,31.284439897928426
121.20996284837736,31.284439897928426
121.2096776558246,31.284246035266737
121.2096776558246,31.284246035266737
121.2096776558246,31.284246035266737
121.20967406789427,31.284435872718493
121.20967406789427,31.284435872718493
121.20996284837736,31.284439897928426
121.21024804210994,31.284633759995252
121.20995567357083,31.284819572873758
121.20995208611666,31.285009410337448
121.20994849862855,31.285199247795155
121.2099449111065,31.28538908524688
121.2099449111065,31.28538908524688
121.2096489514315,31.285764734713176
121.2096489514315,31.285764734713176
121.20935657818029,31.285950546019254
121.20963818672404,31.286334246906794
121.20963818672404,31.286334246906794
121.20963818672404,31.286334246906794
121.20963818672404,31.286334246906794
121.20991979750198,31.28671794724129
121.20991979750198,31.28671794724129
121.20991979750198,31.28671794724129
121.20991979750198,31.28671794724129
121.21020499776358,31.28691180959495
121.21048302576064,31.287485346250968
121.21047943898748,31.28767518369062
121.21047943898748,31.28767518369062
121.21047585218041,31.287865021124304
121.21047585218041,31.287865021124304
121.21104267720405,31.28844258052355
121.21104267720405,31.28844258052355
121.21103909141745,31.288632417993036
121.21132071438771,31.289016115597605
121.21160233959255,31.28939981264895
121.21160233959255,31.28939981264895
121.21160233959255,31.28939981264895
121.21188755128772,31.289593671623866
121.21188755128772,31.289593671623866
121.21216918045153,31.289977367550755
121.21216918045153,31.289977367550755
121.21244722861503,31.290550900483286
121.21244722861503,31.290550900483286
121.21244722861503,31.290550900483286
121.21273244548334,31.290744757744598
121.21301408135147,31.291128452011463
121.21300691688916,31.29150812719485
121.21300691688916,31.29150812719485
121.21300691688916,31.29150812719485
121.21300691688916,31.29150812719485
121.21300691688916,31.29150812719485
121.21300691688916,31.29150812719485
121.21328497424147,31.292081658544657
121.21328139243603,31.29227149613925
121.21328139243603,31.29227149613925
121.21328139243603,31.29227149613925
121.21328139243603,31.29227149613925
121.21328139243603,31.29227149613925
121.21328139243603,31.29227149613925
121.21328139243603,31.29227149613925
121.21328139243603,31.29227149613925
121.21328139243603,31.29227149613925
121.21328139243603,31.29227149613925
121.21328139243603,31.29227149613925
121.21328139243603,31.29227149613925
121.21328139243603,31.29227149613925
121.21328139243603,31.29227149613925
121.21328139243603,31.29227149613925
121.21328139243603,31.29227149613925
121.21328139243603,31.29227149613925
121.21328139243603,31.29227149613925
121.21328139243603,31.29227149613925
121.21328139243603,31.29227149613925
121.21328139243603,31.29227149613925
121.21328139243603,31.29227149613925
121.21328139243603,31.29227149613925
121.21328139243603,31.29227149613925
121.21245439505115,31.290171225359433
121.21245439505115,31.290171225359433
121.21217276416299,31.289787530003725
121.21217634784055,31.289597692450695
121.2179451467456,31.29005764903423
121.21247231054829,31.28922203744502
121.21247231054829,31.28922203744502
121.21247231054829,31.28922203744502
121.21247589354604,31.289032199844176
121.21276468847995,31.28903621928389
121.21276468847995,31.28903621928389
121.21304990163007,31.28923007573537
121.21362749294266,31.28923811143061
121.21304990163007,31.28923007573537
121.21304990163007,31.28923007573537
121.21473973314659,31.291532228642815
121.21304990163007,31.28923007573537
121.21304990163007,31.28923007573537
121.21304990163007,31.28923007573537
121.21304990163007,31.28923007573537
121.21304990163007,31.28923007573537
121.21304990163007,31.28923007573537
121.21304990163007,31.28923007573537
121.21304990163007,31.28923007573537
121.21304990163007,31.28923007573537
121.21304990163007,31.28923007573537
121.21304990163007,31.28923007573537
121.21304990163007,31.28923007573537
121.21304990163007,31.28923007573537
121.21304990163007,31.28923007573537
121.21305348347158,31.289040238074833
121.21305348347158,31.289040238074833
121.21305348347158,31.289040238074833
121.21305348347158,31.289040238074833
121.21305348347158,31.289040238074833
121.21305348347158,31.289040238074833
121.21305348347158,31.289040238074833
121.21305348347158,31.289040238074833
121.21305348347158,31.289040238074833
121.21305348347158,31.289040238074833
121.21364181548047,31.288478760513893
121.21364897654617,31.28809908501963
121.21364897654617,31.28809908501963
121.2136525570282,31.287909247263517
121.2136525570282,31.287909247263517
121.2136525570282,31.287909247263517
121.2136525570282,31.287909247263517
121.2136525570282,31.287909247263517
121.2136525570282,31.287909247263517
121.21337092740843,31.287525554478602
121.21337092740843,31.287525554478602
121.2136525570282,31.287909247263517
121.21308571852047,31.287331698860722
121.21308571852047,31.287331698860722
121.21308571852047,31.287331698860722
121.21308571852047,31.287331698860722
121.21308571852047,31.287331698860722
121.21308571852047,31.287331698860722
121.21308571852047,31.287331698860722
121.213092881492,31.28695202341399
121.21491863063149,31.28204033292815
121.21491863063149,31.28204033292815
121.21054040951694,31.28444794640233
121.21281125685148,31.28656832954029
121.2128148387967,31.286378491825808
121.2128148387967,31.286378491825808
121.2128148387967,31.286378491825808
121.2128148387967,31.286378491825808
121.21252605195593,31.286374472803956
121.21252605195593,31.286374472803956
121.21224443127383,31.28599077780588
121.211962812826,31.28560708225458
121.211962812826,31.28560708225458
121.21196639633588,31.28541724459972
121.21196639633588,31.28541724459972
121.21197714666211,31.284847731599246
121.21197714666211,31.284847731599246
121.21198073003639,31.284657893920446
121.21198073003639,31.284657893920446
121.21224801427347,31.28580094013315
121.21169553248932,31.28446403556631
121.21140316716323,31.284649851873347
121.21140316716323,31.284649851873347
121.21198431337677,31.28446805623567
121.21140675165958,31.284460014248296
121.21111797088761,31.284455992281625
121.21082919017338,31.284451969666303
121.21054040951694,31.28444794640233
121.21054040951694,31.28444794640233
121.21054040951694,31.28444794640233
121.21025162891826,31.2844439224897
121.20996284837736,31.284439897928426
121.20996284837736,31.284439897928426
121.20967406789427,31.284435872718493
121.2096776558246,31.284246035266737
121.2096776558246,31.284246035266737
121.2096776558246,31.284246035266737
121.21189113550952,31.289403834094703
121.21189113550952,31.289403834094703
121.21189113550952,31.289403834094703
121.21132071438771,31.289016115597605
121.21132429966403,31.288826278110236
121.21132429966403,31.288826278110236
121.21104267720405,31.28844258052355
121.21076105697854,31.28805888238369
121.21048661249985,31.287295508805315
121.21020141051416,31.287101647022677
121.20991979750198,31.28671794724129
121.20991979750198,31.28671794724129
121.2093601669602,31.285760708645302
121.2093601669602,31.285760708645302
121.2093601669602,31.285760708645302
121.20965253959943,31.285574897303317
121.20965612773342,31.28538505988748
121.20992338526158,31.286528109831465
121.20991979750198,31.28671794724129
121.20991979750198,31.28671794724129
121.21020141051416,31.287101647022677
121.21020141051416,31.287101647022677
121.21020141051416,31.287101647022677
121.21020141051416,31.287101647022677
121.21020141051416,31.287101647022677
121.21048661249985,31.287295508805315
121.21047943898748,31.28767518369062
121.21076105697854,31.28805888238369
121.21104984867547,31.288062905566633
121.21104267720405,31.28844258052355
121.21132788490644,31.28863644061686
121.21132788490644,31.28863644061686
121.21160950909068,31.28902013763241
121.21160950909068,31.28902013763241
121.21024804210994,31.284633759995252
121.21023728148143,31.285203272475997
121.2099449111065,31.28538908524688
121.20965253959943,31.285574897303317
121.20935657818029,31.285950546019254
121.20935657818029,31.285950546019254
121.20935657818029,31.285950546019254
121.20935657818029,31.285950546019254
121.2096417749938,31.2861444095149
121.2096417749938,31.2861444095149
121.20963818672404,31.286334246906794
121.20963818672404,31.286334246906794
121.21104626295671,31.288252743048083
121.21104626295671,31.288252743048083
121.21104626295671,31.288252743048083
121.21104267720405,31.28844258052355
121.21132788490644,31.28863644061686
121.21132429966403,31.288826278110236
121.21160950909068,31.28902013763241
121.21160950909068,31.28902013763241
121.21160950909068,31.28902013763241
121.21160592435857,31.289209975143674
121.21188755128772,31.289593671623866
121.21188755128772,31.289593671623866
121.21217276416299,31.289787530003725
121.21217276416299,31.289787530003725
121.21273961083092,31.290365082573
121.21273961083092,31.290365082573
121.21301766353182,31.290938614410788
121.21301766353182,31.290938614410788
121.21301766353182,31.290938614410788
121.21301766353182,31.290938614410788
121.21329930112442,31.29132230810639
121.21329213775071,31.2917019833375
121.21329213775071,31.2917019833375
121.21386616362962,31.291899856177068
121.21386616362962,31.291899856177068
121.21415854752752,31.291714035124222
121.21415854752752,31.291714035124222
121.2144473509018,31.291718051088793
121.2144473509018,31.291718051088793
121.21025162891826,31.2844439224897
121.21025162891826,31.2844439224897
121.20995208611666,31.285009410337448
121.20994849862855,31.285199247795155
121.2099449111065,31.28538908524688
121.2099449111065,31.28538908524688
121.20965253959943,31.285574897303317
121.20935657818029,31.285950546019254
121.20935657818029,31.285950546019254
121.20935657818029,31.285950546019254
121.20935657818029,31.285950546019254
121.20935657818029,31.285950546019254
121.20935657818029,31.285950546019254
121.20935298936644,31.286140383387234
121.20963818672404,31.286334246906794
121.20963818672404,31.286334246906794
121.2096417749938,31.2861444095149
121.20963818672404,31.286334246906794
121.21020499776358,31.28691180959495
121.21076464324146,31.287869044926115
121.21076105697854,31.28805888238369
121.21076105697854,31.28805888238369
121.21076105697854,31.28805888238369
121.21104626295671,31.288252743048083
121.21132429966403,31.288826278110236
121.21160950909068,31.28902013763241
121.21189471969741,31.289213996559564
121.21160592435857,31.289209975143674
121.21189471969741,31.289213996559564
121.21189471969741,31.289213996559564
121.21189471969741,31.289213996559564
121.21188755128772,31.289593671623866
121.21217276416299,31.289787530003725
121.21217276416299,31.289787530003725
121.21216918045153,31.289977367550755
121.21216918045153,31.289977367550755
121.21245439505115,31.290171225359433
121.21245439505115,31.290171225359433
121.21273961083092,31.290365082573
121.21301766353182,31.290938614410788
121.21301766353182,31.290938614410788
121.21301049913725,31.291318289606153
121.2132957194545,31.291512145724937
121.21357735979248,31.291895838884997
121.21358094095196,31.29170600124859
121.21415854752752,31.291714035124222
121.21445093029283,31.291528213356912
121.21473973314659,31.291532228642815
121.21308571852047,31.287331698860722
121.21368477984247,31.28620070718917
121.21191980806339,31.287885133645975
121.21191980806339,31.287885133645975
121.21162384768004,31.28826078752749
121.21045791763606,31.288814208202854
121.21016553615354,31.28900002097073
121.21823751723554,31.28987181812305
121.20841122347838,31.29011488257236
121.20899599889965,31.289743264896806
121.2081475681048,31.288781993237652
121.2081475681048,31.288781993237652
121.20843995261725,31.288596185184527
121.20931351017344,31.288228594039886
121.20931709936075,31.28803875673777
121.21284349313879,31.284859789894497
121.20990185819488,31.287667134200547
121.20990185819488,31.287667134200547
121.21047585218041,31.287865021124304
121.21132429966403,31.288826278110236
121.21273602817408,31.290554920161792
121.21273602817408,31.290554920161792
121.2112776884265,31.29129416497929
121.2112776884265,31.29129416497929
121.20984085820379,31.290894368742574
121.2112776884265,31.29129416497929
121.20751608585537,31.291621488860095
121.21048661249985,31.287295508805315
121.20870361175523,31.289929074091873
121.2084004494908,31.290684393994
121.2084004494908,31.290684393994
121.20785518246002,31.288967800576177
121.20843995261725,31.288596185184527
121.20843995261725,31.288596185184527
121.20931351017344,31.288228594039886
121.20931709936075,31.28803875673777
121.20931709936075,31.28803875673777
121.21048661249985,31.287295508805315
121.20986956530388,31.289375670350086
121.20958076979136,31.289371644362884
121.20870361175523,31.289929074091873
121.20870361175523,31.289929074091873
121.20870361175523,31.289929074091873
121.20811883406914,31.2903006903382
121.20867847626015,31.291257934243202
121.20867847626015,31.291257934243202
121.20811883406914,31.2903006903382
121.20530639971822,31.286273786430115
121.20780848059023,31.291435682703103
121.20666405987087,31.29085004456773
121.20666765473699,31.290660207618767
121.20666765473699,31.290660207618767
121.20666765473699,31.290660207618767
121.20610084481214,31.290082629600125
121.20610084481214,31.290082629600125
121.20610084481214,31.290082629600125
121.2066928178477,31.289331348808297
121.20611522815358,31.289323281912097
121.2066928178477,31.289331348808297
121.2075627956829,31.2891536072001
121.2075627956829,31.2891536072001
121.21047585218041,31.287865021124304
121.21047585218041,31.287865021124304
121.2037328570378,31.293087721062093
121.20987315353864,31.289185833024085
121.20987315353864,31.289185833024085
121.20987315353864,31.289185833024085
121.2092883849117,31.28955745498713
121.2092883849117,31.28955745498713
121.2075412380147,31.29029262963045
121.20754842404006,31.289912955510953
121.20611522815358,31.289323281912097
121.2075627956829,31.2891536072001
121.2087323359974,31.28841037641683
121.2081475681048,31.288781993237652
121.2081475681048,31.288781993237652
121.20843277053636,31.2889758595674
121.2087323359974,31.28841037641683
121.2087323359974,31.28841037641683
121.2087323359974,31.28841037641683
121.2087323359974,31.28841037641683
121.20899240882865,31.289933102115132
121.20840404085396,31.290494556859432
121.20840404085396,31.290494556859432
121.20840404085396,31.290494556859432
121.21631245894055,31.284718126569363
121.21631245894055,31.284718126569363
121.20723087771357,31.29142762033856
121.2066532750685,31.291419555378713
121.20996284837736,31.284439897928426
121.20578327479859,31.291597289907912
121.20780848059023,31.291435682703103
121.20580125814179,31.290648105672275
121.2138733247583,31.291520180838596
121.20609724889175,31.29027246650714
121.20609724889175,31.29027246650714
121.20908932882702,31.284807495118635
121.20991979750198,31.28671794724129
121.21132071438771,31.289016115597605
121.20785518246002,31.288967800576177
121.20785518246002,31.288967800576177
121.20843277053636,31.2889758595674
121.20843277053636,31.2889758595674
121.20899599889965,31.289743264896806
121.20928479545279,31.289747292241373
121.20928120595991,31.289937129489605
121.2144473509018,31.291718051088793
121.20955923620112,31.290510668013795
121.20984085820379,31.290894368742574
121.20954129060897,31.291459854224904
121.21160950909068,31.28902013763241
121.20867488533928,31.291447771383726
121.20839326666254,31.291064068245145
121.20839685809365,31.290874231122565
121.20725962725594,31.289908924243758
121.21369910021271,31.285441355889414
121.2081475681048,31.288781993237652
121.2084363615938,31.288786022378964
121.20989827023163,31.287856971574453
121.210179886305,31.28824067146335
121.21047226533939,31.288054858551988
121.21076105697854,31.28805888238369
121.21045791763606,31.288814208202854
121.20987315353864,31.289185833024085
121.20987315353864,31.289185833024085
121.20987315353864,31.289185833024085
121.20928120595991,31.289937129489605
121.20927761643308,31.29012696673187
121.20956282521769,31.290320830753604
121.21160950909068,31.28902013763241
121.21328855601303,31.291891820944077
121.20811883406914,31.2903006903382
121.20983009248118,31.291463880540967
121.21362749294266,31.28923811143061
121.20636806937914,31.2912256850245
121.20637526036973,31.29084601120442
121.20664248996007,31.291989066135812
121.20608646092649,31.2908419771923
121.20608646092649,31.2908419771923
121.20550526500105,31.29102374404479
121.20464966237192,31.290442123915152
121.20493486206804,31.290635997886543
121.20493486206804,31.290635997886543
121.20465686002817,31.29006245040678
121.20494565686904,31.29006648754303
121.20494565686904,31.29006648754303
121.20553404175058,31.28950504929189
121.20553404175058,31.28950504929189
121.20611522815358,31.289323281912097
121.20881849568282,31.283854281092708
121.2066928178477,31.289331348808297
121.20697801873165,31.289525218304068
121.20697801873165,31.289525218304068
121.20727040777345,31.289339413109392
121.20609365293735,31.290462303408187
121.20669641244179,31.289141511811412
121.20698161278162,31.289335381283234
121.20755920282316,31.28934344428679
121.20755920282316,31.28934344428679
121.20814038479973,31.28916166754871
121.20843995261725,31.288596185184527
121.20902112844588,31.288414404200804
121.20902112844588,31.288414404200804
121.20931351017344,31.288228594039886
121.21076822947046,31.287679207462553
121.21075029798624,31.288628394720458
121.21016553615354,31.28900002097073
121.2092883849117,31.28955745498713
121.20811883406914,31.2903006903382
121.20811883406914,31.2903006903382
121.2078336284645,31.29010682322205
121.20696364219181,31.29028456632751
121.20879336779512,31.285183142585122
121.21020499776358,31.28691180959495
121.20878977796106,31.285372979917234
121.20577608122315,31.291976963560252
121.2057724843844,31.292166800377426
121.20547288855475,31.292732275183674
121.20518048537217,31.292918075658704
121.20489167980062,31.29291403872162
121.20489167980062,31.29291403872162
121.20489167980062,31.29291403872162
121.20489167980062,31.29291403872162
121.20518048537217,31.292918075658704
121.20518048537217,31.292918075658704
121.20462806858613,31.29158114429656
121.20610444069852,31.289892792687084
121.2047180346088,31.286835224618347
121.20579766154118,31.29083794253138
121.20638604660053,31.290276500429385
121.20638604660053,31.290276500429385
121.20676829718347,31.285344770616447
121.20581924063447,31.28969892128692
121.2058264333934,31.289319247490848
121.20554123559772,31.28912537554378
121.20497444150747,31.28854779303011
121.20440405526519,31.28816004502034
121.20935657818029,31.285950546019254
121.20501401682878,31.286459587449055
121.20907497187068,31.285566844578693
121.2061799464556,31.28590621613041
121.20764901412143,31.28459751532316
121.20706067328018,31.28515896531002
121.2073566409009,31.284783322094576
121.21605227765104,31.283195410614038
121.21196997981185,31.285227406938887
121.20881490608645,31.284044118466724
121.21305348347158,31.289040238074833
121.20967406789427,31.284435872718493
121.20967406789427,31.284435872718493
121.21362749294266,31.28923811143061
121.2139234488659,31.28886245279903
121.21364539603026,31.288288922769755
121.21336734641606,31.287715392216843
121.21336734641606,31.287715392216843
121.2130821369839,31.287521536575134
121.21308571852047,31.287331698860722
121.21337808929158,31.287145878984145
121.21367045893035,31.28696005839318
121.21311795082516,31.285623159161823
121.21256187532488,31.28447609562843
121.21256187532488,31.28447609562843
121.21256187532488,31.28447609562843
121.21140675165958,31.284460014248296
121.21025162891826,31.2844439224897
121.21189471969741,31.289213996559564
121.20233928048253,31.290409802988872
121.20233928048253,31.290409802988872
121.20963818672404,31.286334246906794
121.20963459842034,31.286524084292697
121.20991979750198,31.28671794724129
121.20935298936644,31.286140383387234
121.20935657818029,31.285950546019254
121.2096489514315,31.285764734713176
121.20995567357083,31.284819572873758
121.2096776558246,31.284246035266737
121.2096776558246,31.284246035266737
121.20994849862855,31.285199247795155
121.2096489514315,31.285764734713176
121.20935657818029,31.285950546019254
121.20935657818029,31.285950546019254
121.21020499776358,31.28691180959495
121.21020499776358,31.28691180959495
121.21047943898748,31.28767518369062
121.21076464324146,31.287869044926115
121.21103909141745,31.288632417993036
121.21103909141745,31.288632417993036
121.21103909141745,31.288632417993036
121.21103909141745,31.288632417993036
121.21160592435857,31.289209975143674
121.21364539603026,31.288288922769755
121.21445093029283,31.291528213356912
121.2133637653898,31.28790522994912
121.21445093029283,31.291528213356912
121.2130821369839,31.287521536575134
121.21328855601303,31.291891820944077
121.2176849287506,31.288534936048645
121.20992338526158,31.286528109831465
121.21283991146463,31.28504962765686
121.21256187532488,31.28447609562843
121.21198431337677,31.28446805623567
121.21169194857093,31.284653873221227
121.21082919017338,31.284451969666303
121.21054040951694,31.28444794640233
121.20967406789427,31.284435872718493
121.21160592435857,31.289209975143674
121.21132071438771,31.289016115597605
121.20559878147553,31.28608798469656
121.21076105697854,31.28805888238369
121.20991979750198,31.28671794724129
121.20992338526158,31.286528109831465
121.20636806937914,31.2912256850245
121.20965253959943,31.285574897303317
121.20965253959943,31.285574897303317
121.2102444552677,31.284823597494825
121.20991979750198,31.28671794724129
121.20996284837736,31.284439897928426
121.2102444552677,31.284823597494825
121.21082919017338,31.284451969666303
121.21020141051416,31.287101647022677
121.21111438581326,31.284645829876812
121.21111438581326,31.284645829876812
121.21140316716323,31.284649851873347
121.21140316716323,31.284649851873347
121.21169194857093,31.284653873221227
121.21169194857093,31.284653873221227
121.21169194857093,31.284653873221227
121.21198073003639,31.284657893920446
121.20994849862855,31.285199247795155
121.21197356325393,31.285037569272053
121.21197356325393,31.285037569272053
121.21197356325393,31.285037569272053
121.211962812826,31.28560708225458
121.21195922928223,31.28579691990345
121.21224801427347,31.28580094013315
121.21224443127383,31.28599077780588
121.21223726517286,31.2863704531334
121.21281125685148,31.28656832954029
121.2096776558246,31.284246035266737
121.213092881492,31.28695202341399
121.21391986879263,31.289052290555038
121.21020141051416,31.287101647022677
121.2130821369839,31.287521536575134
121.21337092740843,31.287525554478602
121.2133637653898,31.28790522994912
121.21364897654617,31.28809908501963
121.21364897654617,31.28809908501963
121.21308930002317,31.287141861140352
121.21308930002317,31.287141861140352
121.2139270289053,31.288672615037022
121.21363465427932,31.288858435984228
121.21363107362792,31.289048273710403
121.21363107362792,31.289048273710403
121.21334227852091,31.289044256217004
121.21334227852091,31.289044256217004
121.21304990163007,31.28923007573537
121.21304990163007,31.28923007573537
121.21276110606033,31.289226056914583
121.21276110606033,31.289226056914583
121.21217993148421,31.28940785489167
121.21217993148421,31.28940785489167
121.21217993148421,31.28940785489167
121.21189471969741,31.289213996559564
121.21160950909068,31.28902013763241
121.21132788490644,31.28863644061686
121.21161309378888,31.28883030011516
121.21133147011493,31.288446603117503
121.2113350552895,31.28825676561216
121.2136525570282,31.287909247263517
121.2136525570282,31.287909247263517
121.21305348347158,31.289040238074833
121.21162384768004,31.28826078752749
121.21162384768004,31.28826078752749
121.21162384768004,31.28826078752749
121.21162384768004,31.28826078752749
121.21362749294266,31.28923811143061
121.21299258755788,31.292267477489812
121.21216918045153,31.289977367550755
121.21216918045153,31.289977367550755
121.21104626295671,31.288252743048083
121.21104626295671,31.288252743048083
121.21076105697854,31.28805888238369
121.21076105697854,31.28805888238369
121.21076105697854,31.28805888238369
121.21076105697854,31.28805888238369
121.21076822947046,31.287679207462553
121.21076822947046,31.287679207462553
121.21048302576064,31.287485346250968
121.21048661249985,31.287295508805315
121.21649757793806,31.290227440981724
121.20992338526158,31.286528109831465
121.2099449111065,31.28538908524688
121.2099449111065,31.28538908524688
121.20963818672404,31.286334246906794
121.20965253959943,31.285574897303317
121.2096489514315,31.285764734713176
121.20994132355052,31.28557892269261
121.20994132355052,31.28557892269261
121.2099449111065,31.28538908524688
121.21169194857093,31.284653873221227
121.21140316716323,31.284649851873347
121.21169194857093,31.284653873221227
121.21169194857093,31.284653873221227
121.21169194857093,31.284653873221227
121.21025162891826,31.2844439224897
121.21025162891826,31.2844439224897
121.20996284837736,31.284439897928426
121.20967406789427,31.284435872718493
121.2096776558246,31.284246035266737
121.2096776558246,31.284246035266737
121.2096776558246,31.284246035266737
121.2096776558246,31.284246035266737
121.2130821369839,31.287521536575134
121.20939246445168,31.284052172010217
121.20939246445168,31.284052172010217
121.20939246445168,31.284052172010217
121.20939246445168,31.284052172010217
121.20939246445168,31.284052172010217
121.20939246445168,31.284052172010217
121.20939246445168,31.284052172010217
121.20939246445168,31.284052172010217
121.20939246445168,31.284052172010217
121.2096776558246,31.284246035266737
121.2096776558246,31.284246035266737
121.20996284837736,31.284439897928426
121.21025162891826,31.2844439224897
121.21025162891826,31.2844439224897
121.20935657818029,31.285950546019254
121.21082919017338,31.284451969666303
121.21047943898748,31.28767518369062
121.2107574706817,31.28824871983526
121.2107574706817,31.28824871983526
121.21160950909068,31.28902013763241
121.2096417749938,31.2861444095149
121.21160592435857,31.289209975143674
121.21160950909068,31.28902013763241
121.20935657818029,31.285950546019254
121.20994849862855,31.285199247795155
121.21358094095196,31.29170600124859
121.21300691688916,31.29150812719485
121.21358094095196,31.29170600124859
121.2144473509018,31.291718051088793
121.21417286720119,31.290954684280113
121.21473973314659,31.291532228642815
121.21362749294266,31.28923811143061
121.2139270289053,31.288672615037022
121.21364897654617,31.28809908501963
121.21364897654617,31.28809908501963
121.21336734641606,31.287715392216843
121.21336734641606,31.287715392216843
121.21308571852047,31.287331698860722
121.21304990163007,31.28923007573537
121.20462806858613,31.29158114429656
121.2141406471735,31.29266322354469
121.21311795082516,31.285623159161823
121.21284707477909,31.28466995212615
121.21227309432197,31.284472076256375
121.21111797088761,31.284455992281625
121.21054040951694,31.28444794640233
121.20996284837736,31.284439897928426
121.2102444552677,31.284823597494825
121.21020141051416,31.287101647022677
121.20994132355052,31.28557892269261
121.20992697298725,31.286338272415666
121.21020141051416,31.287101647022677
121.20996284837736,31.284439897928426
121.21047943898748,31.28767518369062
121.21132429966403,31.288826278110236
121.21189471969741,31.289213996559564
121.21362749294266,31.28923811143061
121.21393418888252,31.28829293949507
121.21393418888252,31.28829293949507
121.21364897654617,31.28809908501963
121.21308930002317,31.287141861140352
121.21396640710374,31.28658439926
121.21396282743683,31.28677423708785
121.213092881492,31.28695202341399
121.21255112867001,31.285045608843927
121.21255112867001,31.285045608843927
121.21256187532488,31.28447609562843
121.21024804210994,31.284633759995252
121.20451560889293,31.282275101650185
121.21111797088761,31.284455992281625
121.20996284837736,31.284439897928426
121.20995567357083,31.284819572873758
121.20994132355052,31.28557892269261
121.20934940051865,31.286330220749228
121.20934940051865,31.286330220749228
121.20996284837736,31.284439897928426
121.20991979750198,31.28671794724129
121.21048302576064,31.287485346250968
121.21104267720405,31.28844258052355
121.21103909141745,31.288632417993036
121.21160950909068,31.28902013763241
121.21160592435857,31.289209975143674
121.21103909141745,31.288632417993036
121.21223726517286,31.2863704531334
121.2099449111065,31.28538908524688
121.2099449111065,31.28538908524688
121.2099449111065,31.28538908524688
121.20994849862855,31.285199247795155
121.20994849862855,31.285199247795155
121.2102444552677,31.284823597494825
121.2102444552677,31.284823597494825
121.2099449111065,31.28538908524688
121.2099449111065,31.28538908524688
121.20994132355052,31.28557892269261
121.2096489514315,31.285764734713176
121.20963818672404,31.286334246906794
121.21020499776358,31.28691180959495
121.21048302576064,31.287485346250968
121.21048302576064,31.287485346250968
121.2083860836984,31.29144374247235
121.21048661249985,31.287295508805315
121.2113350552895,31.28825676561216
121.21104267720405,31.28844258052355
121.21048302576064,31.287485346250968
121.21020141051416,31.287101647022677
121.20963818672404,31.286334246906794
121.20963818672404,31.286334246906794
121.20879336779512,31.285183142585122
121.20909291798124,31.28461765773865
121.20909650710149,31.28442782035269
121.2091000961878,31.28423798296073
121.20907497187068,31.285566844578693
121.20907497187068,31.285566844578693
121.20935657818029,31.285950546019254
121.20879336779512,31.285183142585122
121.20879336779512,31.285183142585122
121.2090713825467,31.28575668192875
121.2096417749938,31.2861444095149
121.21020858497907,31.28672197216124
121.21048302576064,31.287485346250968
121.21076464324146,31.287869044926115
121.21104626295671,31.288252743048083
121.21161309378888,31.28883030011516
121.21189471969741,31.289213996559564
121.21189113550952,31.289403834094703
121.21217276416299,31.289787530003725
121.21188755128772,31.289593671623866
121.21328139243603,31.29227149613925
121.21358094095196,31.29170600124859
121.21328139243603,31.29227149613925
121.21416212749672,31.29152419742217
121.21473973314659,31.291532228642815
121.2139162886855,31.28924212830507
121.2139162886855,31.28924212830507
121.21445093029283,31.291528213356912
121.2139270289053,31.288672615037022
121.2139270289053,31.288672615037022
121.21364897654617,31.28809908501963
121.20996284837736,31.284439897928426
121.20412966248837,31.287396659798095
121.21337808929158,31.287145878984145
121.21024804210994,31.284633759995252
121.21311795082516,31.285623159161823
121.21284707477909,31.28466995212615
121.21255829314048,31.28466593337291
121.21226951155957,31.284661913971007
121.21169194857093,31.284653873221227
121.2105368232866,31.284637783937765
121.2105368232866,31.284637783937765
121.2090785611607,31.285377007222653
121.21020141051416,31.287101647022677
121.21048661249985,31.287295508805315
121.21047943898748,31.28767518369062
121.21417644703494,31.29076484655413
121.2113350552895,31.28825676561216
121.21160950909068,31.28902013763241
121.21362749294266,31.28923811143061
121.2069852067976,31.289145544256414
121.20879695759524,31.284993305247017
121.20878618809303,31.285562817243356
121.2090713825467,31.28575668192875
121.20935298936644,31.286140383387234
121.20935298936644,31.286140383387234
121.2096417749938,31.2861444095149
121.20991620970844,31.286907784645113
121.21082919017338,31.284451969666303
121.21082919017338,31.284451969666303
121.21340315481555,31.28581701456503
121.21160592435857,31.289209975143674
121.2112776884265,31.29129416497929
121.21278976446851,31.287707355701492
121.21216918045153,31.289977367550755
121.21188755128772,31.289593671623866
121.21445093029283,31.291528213356912
121.21473973314659,31.291532228642815
121.21473615433376,31.291722066404507
121.21445093029283,31.291528213356912
121.21417286720119,31.290954684280113
121.21417286720119,31.290954684280113
121.21389122698731,31.290570992387703
121.21305348347158,31.289040238074833
121.21305348347158,31.289040238074833
121.21445093029283,31.291528213356912
121.21445093029283,31.291528213356912
121.21362391222354,31.289427949144823
121.21362391222354,31.289427949144823
121.21304990163007,31.28923007573537
121.21333869725753,31.28923409390738
121.21304990163007,31.28923007573537
121.21305348347158,31.289040238074833
121.21305348347158,31.289040238074833
121.21305348347158,31.289040238074833
121.21305348347158,31.289040238074833
121.21304273784543,31.289609751038473
121.21304273784543,31.289609751038473
121.21304273784543,31.289609751038473
121.21304273784543,31.289609751038473
121.21304273784543,31.289609751038473
121.21304273784543,31.289609751038473
121.21304273784543,31.289609751038473
121.21304273784543,31.289609751038473
121.21304273784543,31.289609751038473
121.21304273784543,31.289609751038473
121.21304273784543,31.289609751038473
121.21304273784543,31.289609751038473
121.21304273784543,31.289609751038473
121.21304273784543,31.289609751038473
121.21304273784543,31.289609751038473
121.21304273784543,31.289609751038473
121.21304273784543,31.289609751038473
121.21304273784543,31.289609751038473
121.21304273784543,31.289609751038473
121.21304273784543,31.289609751038473
121.21304273784543,31.289609751038473
121.21304273784543,31.289609751038473
121.21304273784543,31.289609751038473
121.21304273784543,31.289609751038473
121.21304273784543,31.289609751038473
121.21304273784543,31.289609751038473
121.21304273784543,31.289609751038473
121.21304273784543,31.289609751038473
121.21304273784543,31.289609751038473
121.21304273784543,31.289609751038473
121.21304273784543,31.289609751038473
121.21304273784543,31.289609751038473
121.21304273784543,31.289609751038473
121.21304273784543,31.289609751038473
121.21304273784543,31.289609751038473
121.21304273784543,31.289609751038473
121.21304273784543,31.289609751038473
121.21304273784543,31.289609751038473
121.21304273784543,31.289609751038473
121.21304273784543,31.289609751038473
121.21304273784543,31.289609751038473
121.21304273784543,31.289609751038473
121.21304273784543,31.289609751038473
121.21305348347158,31.289040238074833
121.21305348347158,31.289040238074833
121.21305348347158,31.289040238074833
121.21304273784543,31.289609751038473
121.21304273784543,31.289609751038473
121.21304273784543,31.289609751038473
121.21304273784543,31.289609751038473
121.21304273784543,31.289609751038473
121.21304273784543,31.289609751038473
121.21304273784543,31.289609751038473
121.21304273784543,31.289609751038473
121.21304273784543,31.289609751038473
121.21304273784543,31.289609751038473
121.21304273784543,31.289609751038473
121.21304273784543,31.289609751038473
121.21304273784543,31.289609751038473
121.21304273784543,31.289609751038473
121.21304273784543,31.289609751038473
121.21362391222354,31.289427949144823
121.21391986879263,31.289052290555038
121.21364897654617,31.28809908501963
121.21473973314659,31.291532228642815
121.21308571852047,31.287331698860722
121.21338167018233,31.286956041227945
121.21338167018233,31.286956041227945
121.21362391222354,31.289427949144823
121.21340315481555,31.28581701456503
121.21283991146463,31.28504962765686
121.21227309432197,31.284472076256375
121.21227309432197,31.284472076256375
121.21140675165958,31.284460014248296
121.21111797088761,31.284455992281625
121.21111797088761,31.284455992281625
121.20996284837736,31.284439897928426
121.20967406789427,31.284435872718493
121.20967406789427,31.284435872718493
121.2096776558246,31.284246035266737
121.2096776558246,31.284246035266737
121.20994849862855,31.285199247795155
121.20965253959943,31.285574897303317
121.20965253959943,31.285574897303317
121.21077181566554,31.287489369993025
121.20935657818029,31.285950546019254
121.20965971583348,31.28519522246566
121.21104267720405,31.28844258052355
121.2093422227212,31.286709895455264
121.21103909141745,31.288632417993036
121.2112776884265,31.29129416497929
121.21363107362792,31.289048273710403
121.21308930002317,31.287141861140352
121.21393060891084,31.28848277726904
121.21364897654617,31.28809908501963
121.21337092740843,31.287525554478602
121.21192339198005,31.28769529606294
121.21134222553691,31.287877090583525
121.21076464324146,31.287869044926115
121.21049378587651,31.286915833896085
121.21048302576064,31.287485346250968
121.20992338526158,31.286528109831465
121.2096489514315,31.285764734713176
121.21048661249985,31.287295508805315
121.21048661249985,31.287295508805315
121.20764901412143,31.28459751532316
121.2091000961878,31.28423798296073
121.20881849568282,31.283854281092708
121.20879336779512,31.285183142585122
121.20908932882702,31.284807495118635
121.20908932882702,31.284807495118635
121.20878977796106,31.285372979917234
121.20935298936644,31.286140383387234
121.21048661249985,31.287295508805315
121.21047226533939,31.288054858551988
121.21076105697854,31.28805888238369
121.21132788490644,31.28863644061686
121.21132429966403,31.288826278110236
121.21132429966403,31.288826278110236
121.21328139243603,31.29227149613925
121.21161309378888,31.28883030011516
121.21185887629274,31.291112371641606
121.21358094095196,31.29170600124859
121.2138733247583,31.291520180838596
121.21445093029283,31.291528213356912
121.21445093029283,31.291528213356912
121.21362749294266,31.28923811143061
121.21363465427932,31.288858435984228
121.21364539603026,31.288288922769755
121.21336018432967,31.288095067675403
121.21048661249985,31.287295508805315
121.21221218275181,31.28769931659119
121.21047585218041,31.287865021124304
121.21076464324146,31.287869044926115
121.21076464324146,31.287869044926115
121.20990903401953,31.287287459434793
121.20990903401953,31.287287459434793
121.2093458116369,31.286520058105236
121.2093458116369,31.286520058105236
121.2090642037969,31.286136356610864
121.2093601669602,31.285760708645302
121.20996284837736,31.284439897928426
121.2096417749938,31.2861444095149
121.20963818672404,31.286334246906794
121.20991620970844,31.286907784645113
121.21020858497907,31.28672197216124
121.21020858497907,31.28672197216124
121.21048661249985,31.287295508805315
121.21048302576064,31.287485346250968
121.21104626295671,31.288252743048083
121.21161309378888,31.28883030011516
121.21189471969741,31.289213996559564
121.21189471969741,31.289213996559564
121.21189471969741,31.289213996559564
121.2075627956829,31.2891536072001
121.2107574706817,31.28824871983526
121.21328139243603,31.29227149613925
121.2096417749938,31.2861444095149
121.2096417749938,31.2861444095149
121.20576888751162,31.292356637188632
121.2102444552677,31.284823597494825
121.21025162891826,31.2844439224897
121.20996284837736,31.284439897928426
121.20967047992998,31.28462571016426
121.20968483158349,31.283866360345268
121.20996284837736,31.284439897928426
121.20935657818029,31.285950546019254
121.21256187532488,31.28447609562843
121.21048661249985,31.287295508805315
121.21048661249985,31.287295508805315
121.2099449111065,31.28538908524688
121.20873951671831,31.28803070193821
121.2058264333934,31.289319247490848
121.20844713456229,31.28821651077771
121.20935657818029,31.285950546019254
121.20935657818029,31.285950546019254
121.20992697298725,31.286338272415666
121.20935657818029,31.285950546019254
121.20609724889175,31.29027246650714
121.21280051081247,31.287137842647827
121.21047943898748,31.28767518369062
121.21104267720405,31.28844258052355
121.21160950909068,31.28902013763241
121.21160950909068,31.28902013763241
